patientid,email,password,name
P001,john.doe@example.com,password123,"John Doe"
P002,jane.smith@example.com,password456,"Jane Smith"
P003,alice.johnson@example.com,password789,"Alice Johnson"
P004,bob.williams@example.com,password101,"Bob Williams"
P005,emma.brown@example.com,pass12345,"Emma Brown"
P006,liam.miller@example.com,pass67890,"Liam Miller"
P007,olivia.jones@example.com,passabcde,"Olivia Jones"
P008,noah.davis@example.com,passfghij,"Noah Davis"
P009,sophia.garcia@example.com,passklmno,"Sophia Garcia"
P010,mason.martinez@example.com,passpqrs,"Mason Martinez"
P011,isabella.rodriguez@example.com,passtuvwx,"Isabella Rodriguez"
P012,logan.hall@example.com,passyz123,"Logan Hall"
P013,mia.clark@example.com,pass4567,"Mia Clark"
P014,lucas.lee@example.com,pass8901,"Lucas Lee"
P015,amelia.walker@example.com,pass2345,"Amelia Walker"
P016,benjamin.moore@example.com,pass6789,"Benjamin Moore"
P017,evelyn.taylor@example.com,passabcd,"Evelyn Taylor"
P018,elijah.white@example.com,passefgh,"Elijah White"
P019,avery.adams@example.com,passijkl,"Avery Adams"
P020,jackson.turner@example.com,passmnop,"Jackson Turner"
P021,scarlett.anderson@example.com,passqrst,"Scarlett Anderson"
P022,levi.thomas@example.com,passuvwx,"Levi Thomas"
P023,sofia.harris@example.com,passyz12,"Sofia Harris"
P024,harper.martin@example.com,pass3456,"Harper Martin"
P025,james.nelson@example.com,pass7890,"James Nelson"
P026,ella.thompson@example.com,pass1123,"Ella Thompson"
P027,sebastian.carter@example.com,pass4568,"Sebastian Carter"
P028,avery.mitchell@example.com,pass9021,"Avery Mitchell"
P029,grace.perez@example.com,pass2347,"Grace Perez"
P030,caleb.roberts@example.com,pass5698,"Caleb Roberts"
P031,madison.evans@example.com,pass123a,"Madison Evans"
P032,henry.campbell@example.com,pass456b,"Henry Campbell"
P033,layla.parker@example.com,pass789c,"Layla Parker"
P034,dylan.cooper@example.com,pass101d,"Dylan Cooper"
P035,zoey.bailey@example.com,pass112e,"Zoey Bailey"
P036,chloe.harris@example.com,passmno1,"Chloe Harris"
P037,ryan.phillips@example.com,passabc1,"Ryan Phillips"
P038,lily.turner@example.com,passxyz2,"Lily Turner"
P039,connor.baker@example.com,passklm2,"Connor Baker"
P040,nora.allen@example.com,pass1234,"Nora Allen"
P041,oliver.wright@example.com,pass5678,"Oliver Wright"
P042,hazel.hill@example.com,passijkl,"Hazel Hill"
P043,grayson.wood@example.com,passmnop,"Grayson Wood"
P044,elena.scott@example.com,passqrst,"Elena Scott"
P045,wyatt.young@example.com,passuvwx,"Wyatt Young"
P046,ruby.king@example.com,passyz12,"Ruby King"
P047,ezra.bell@example.com,pass3456,"Ezra Bell"
P048,stella.richardson@example.com,pass7890,"Stella Richardson"
P049,leo.murphy@example.com,pass1123,"Leo Murphy"
P050,paisley.watson@example.com,pass4568,"Paisley Watson"
P051,elias.brooks@example.com,pass9021,"Elias Brooks"
P052,hannah.bennett@example.com,pass2347,"Hannah Bennett"
P053,carter.cox@example.com,pass5698,"Carter Cox"
P054,willow.reed@example.com,pass123a,"Willow Reed"
P055,nathan.gray@example.com,pass456b,"Nathan Gray"
P056,savannah.ward@example.com,pass789c,"Savannah Ward"
P057,isaac.green@example.com,pass101d,"Isaac Green"
P058,zoe.bailey@example.com,pass112e,"Zoe Bailey"
P059,nolan.price@example.com,passpqr1,"Nolan Price"
P060,aria.torres@example.com,passstu2,"Aria Torres"
P061,santiago.daniels@example.com,passvwx3,"Santiago Daniels"
P062,penelope.ross@example.com,passyza4,"Penelope Ross"
P063,aiden.foster@example.com,pass345c,"Aiden Foster"
P064,ellie.jenkins@example.com,pass678d,"Ellie Jenkins"
P065,julian.perry@example.com,pass901e,"Julian Perry"
P066,harper.brown@example.com,pass12345,"Harper Brown"
P067,joshua.wilson@example.com,pass67890,"Joshua Wilson"
P068,zoey.carter@example.com,passabcdef,"Zoey Carter"
P069,adrian.evans@example.com,passghijkl,"Adrian Evans"
P070,ella.collins@example.com,passmnopqr,"Ella Collins"
P071,samuel.edwards@example.com,passstuvwx,"Samuel Edwards"
P072,layla.stewart@example.com,passyz1234,"Layla Stewart"
P073,ethan.jenkins@example.com,pass5678xy,"Ethan Jenkins"
P074,madison.hughes@example.com,pass9123ab,"Madison Hughes"
P075,daniel.foster@example.com,pass4567cd,"Daniel Foster"
P076,aria.bryant@example.com,pass8901ef,"Aria Bryant"
P077,grace.barnes@example.com,pass1123gh,"Grace Barnes"
P078,lucas.ramirez@example.com,pass4567ij,"Lucas Ramirez"
P079,violet.wright@example.com,pass8901kl,"Violet Wright"
P080,owen.king@example.com,pass1234mn,"Owen King"
P081,scarlett.moore@example.com,pass5678op,"Scarlett Moore"
P082,liam.hayes@example.com,pass9123qr,"Liam Hayes"
P083,sophia.simpson@example.com,pass4567st,"Sophia Simpson"
P084,noah.cook@example.com,pass8901uv,"Noah Cook"
P085,amelia.bell@example.com,pass1123wx,"Amelia Bell"
P086,elijah.martinez@example.com,pass4567yz,"Elijah Martinez"
P087,mia.anderson@example.com,pass8901ab,"Mia Anderson"
P088,benjamin.thomas@example.com,pass1234cd,"Benjamin Thomas"
P089,avery.morgan@example.com,pass5678ef,"Avery Morgan"
P090,jackson.clark@example.com,pass9123gh,"Jackson Clark"
P091,hazel.scott@example.com,pass4567ij,"Hazel Scott"
P092,logan.green@example.com,pass8901kl,"Logan Green"
P093,nora.adams@example.com,pass1234mn,"Nora Adams"
P094,ethan.hall@example.com,pass5678op,"Ethan Hall"
P095,layla.walker@example.com,pass9123qr,"Layla Walker"
P096,james.roberts@example.com,pass123xy,"James Roberts"
P097,emma.bell@example.com,pass456ab,"Emma Bell"
P098,oliver.wood@example.com,pass789cd,"Oliver Wood"
P099,ava.murphy@example.com,pass101ef,"Ava Murphy"
P100,lucas.clark@example.com,pass112gh,"Lucas Clark"
P101,mia.james@example.com,pass234ij,"Mia James"
P102,elijah.king@example.com,pass345kl,"Elijah King"
P103,amelia.thomas@example.com,pass456mn,"Amelia Thomas"
P104,noah.anderson@example.com,pass567op,"Noah Anderson"
P105,sophia.lee@example.com,pass678qr,"Sophia Lee"
P106,liam.campbell@example.com,pass789st,"Liam Campbell"
P107,isabella.hughes@example.com,pass890uv,"Isabella Hughes"
P108,olivia.gray@example.com,pass101wx,"Olivia Gray"
P109,benjamin.torres@example.com,pass112yz,"Benjamin Torres"
P110,scarlett.cox@example.com,pass123ab,"Scarlett Cox"
P111,logan.harris@example.com,pass234cd,"Logan Harris"
P112,ella.young@example.com,pass345ef,"Ella Young"
P113,lucas.bryant@example.com,pass456gh,"Lucas Bryant"
P114,harper.bennett@example.com,pass567ij,"Harper Bennett"
P116,avery.scott@example.com,pass789mn,"Avery Scott"
P117,grace.mitchell@example.com,pass890op,"Grace Mitchell"
P118,elena.walker@example.com,pass101qr,"Elena Walker"
P119,dylan.rodriguez@example.com,pass112st,"Dylan Rodriguez"
P120,zoey.perry@example.com,pass123uv,"Zoey Perry"
P121,ryan.martinez@example.com,pass234wx,"Ryan Martinez"
P122,violet.adams@example.com,pass345yz,"Violet Adams"
P123,stella.moore@example.com,pass456ab,"Stella Moore"
P124,emma.richardson@example.com,pass567cd,"Emma Richardson"
P125,henry.ward@example.com,pass678ef,"Henry Ward"
P126,chloe.brown@example.com,pass789gh,"Chloe Brown"
P127,wyatt.clark@example.com,pass890ij,"Wyatt Clark"
P128,hazel.johnson@example.com,pass101kl,"Hazel Johnson"
P129,nolan.taylor@example.com,pass112mn,"Nolan Taylor"
P130,penelope.miller@example.com,pass123op,"Penelope Miller"
P131,liam.moore@example.com,pass234qr,"Liam Moore"
P132,grace.baker@example.com,pass345st,"Grace Baker"
P133,avery.davis@example.com,pass456uv,"Avery Davis"
P134,logan.anderson@example.com,pass567wx,"Logan Anderson"
P135,nora.green@example.com,pass678yz,"Nora Green"
P136,ryan.cox@example.com,pass789ab,"Ryan Cox"
P137,elena.king@example.com,pass890cd,"Elena King"
P138,ethan.lee@example.com,pass101ef,"Ethan Lee"
P139,scarlett.thomas@example.com,pass112gh,"Scarlett Thomas"
P140,mia.wilson@example.com,pass123ij,"Mia Wilson"
P141,lucas.murphy@example.com,pass234kl,"Lucas Murphy"
P142,henry.roberts@example.com,pass345mn,"Henry Roberts"
P143,amelia.turner@example.com,pass456op,"Amelia Turner"
P144,noah.richardson@example.com,pass567qr,"Noah Richardson"
P145,layla.hughes@example.com,pass678st,"Layla Hughes"
P146,james.adams@example.com,pass789uv,"James Adams"
P147,emma.mitchell@example.com,pass890wx,"Emma Mitchell"
P148,olivia.perry@example.com,pass101yz,"Olivia Perry"
P149,benjamin.bryant@example.com,pass112ab,"Benjamin Bryant"
P150,ava.ward@example.com,pass123cd,"Ava Ward"
P151,elijah.jenkins@example.com,pass234ef,"Elijah Jenkins"
P152,sophia.walker@example.com,pass345gh,"Sophia Walker"
P153,nathan.campbell@example.com,pass456ij,"Nathan Campbell"
P154,zoey.ross@example.com,pass567kl,"Zoey Ross"
P155,lucas.bailey@example.com,pass678mn,"Lucas Bailey"
P185,noah.perry@example.com,pass678uv,"Noah Perry"
P186,hannah.thomas@example.com,pass789wx,"Hannah Thomas"
P187,leo.miller@example.com,pass890yz,"Leo Miller"
P188,savannah.clark@example.com,pass101ab,"Savannah Clark"
P189,elena.carter@example.com,pass112cd,"Elena Carter"
P190,julian.bryant@example.com,pass123ef,"Julian Bryant"
P191,aria.james@example.com,pass234gh,"Aria James"
P192,dylan.adams@example.com,pass345ij,"Dylan Adams"
P193,zoey.king@example.com,pass456kl,"Zoey King"
P194,logan.gray@example.com,pass567mn,"Logan Gray"
P195,ella.wood@example.com,pass678op,"Ella Wood"
P196,ethan.brooks@example.com,pass789qr,"Ethan Brooks"
P197,mia.hughes@example.com,pass890st,"Mia Hughes"
P198,scarlett.richards@example.com,pass101uv,"Scarlett Richards"
P199,henry.collins@example.com,pass112wx,"Henry Collins"
P200,layla.anderson@example.com,pass123yz,"Layla Anderson"
p2401,pravargav24@gmail.com,lielife24,"pravargav jetty"
